{
  "Rectangle": [
    [
      -79.94627145743412,
      40.41052586987425
    ],
    [
      -79.94630770465335,
      40.41052586987425
    ],
    [
      -79.9462232981306,
      40.41053491637326
    ],
    [
      -79.94631022800915,
      40.41053491637326
    ],
    [
      -79.94619884968237,
      40.41054396287226
    ],
    [
      -79.94631275136497,
      40.41054396287226
    ],
    [
      -79.94620221735718,
      40.41055300937126
    ],
    [
      -79.94631527472077,
      40.41055300937126
    ],
    [
      -79.94620558503199,
      40.41056205587027
    ],
    [
      -79.94631779807658,
      40.41056205587027
    ],
    [
      -79.94620895270681,
      40.410571102369275
    ],
    [
      -79.94632032143238,
      40.410571102369275
    ],
    [
      -79.94621232038162,
      40.41058014886828
    ],
    [
      -79.94632284478818,
      40.41058014886828
    ],
    [
      -79.94621568805644,
      40.41058919536729
    ],
    [
      -79.94631334707319,
      40.41058919536729
    ],
    [
      -79.94621905573125,
      40.41059824186629
    ],
    [
      -79.94627047087558,
      40.41059824186629
    ],
    [
      -79.94622242340606,
      40.4106072883653
    ],
    [
      -79.94622759467798,
      40.4106072883653
    ]
  ],
  "Triangle": [
    [
      -79.9461362020033,
      40.41055545888065
    ],
    [
      -79.94616853681403,
      40.41055545888065
    ],
    [
      -79.94609909361914,
      40.410564505379654
    ],
    [
      -79.94616600946313,
      40.410564505379654
    ],
    [
      -79.94606801264783,
      40.41057355187866
    ],
    [
      -79.94616348211223,
      40.41057355187866
    ],
    [
      -79.94608274197694,
      40.410582598377665
    ],
    [
      -79.94616095476134,
      40.410582598377665
    ],
    [
      -79.94609747130605,
      40.41059164487667
    ],
    [
      -79.94615842741044,
      40.41059164487667
    ],
    [
      -79.94611220063516,
      40.41060069137568
    ],
    [
      -79.94615590005954,
      40.41060069137568
    ],
    [
      -79.94612692996425,
      40.41060973787468
    ],
    [
      -79.94615337270865,
      40.41060973787468
    ],
    [
      -79.94614165929336,
      40.41061878437368
    ],
    [
      -79.94615084535775,
      40.41061878437368
    ]
  ]
}